square_feet,bedrooms,bathrooms,age_years,garage_spaces,neighborhood,house_price
1500,3,2,10,1,Suburbs,320000
2200,4,3,5,2,Downtown,550000
1100,2,1,25,0,Suburbs,210000
3100,5,4,2,3,Uptown,780000
1800,3,2.5,15,2,Suburbs,390000
2500,4,3,8,2,Uptown,620000
1350,2,1.5,30,1,Westside,240000
2800,4,3.5,4,2,Downtown,710000
1650,3,2,12,1,Westside,345000
3400,5,4.5,1,3,Uptown,890000
1250,2,1,20,1,Suburbs,230000
2000,3,2.5,7,2,Downtown,480000
1900,3,2,14,1,Westside,380000
2700,4,3,3,2,Uptown,670000
1400,2,1.5,18,1,Suburbs,260000
3000,5,4,6,3,Downtown,790000
1750,3,2,11,2,Westside,365000
2300,4,3,9,2,Uptown,590000
2100,3,2.5,5,2,Downtown,510000
1600,3,2,16,1,Suburbs,330000
